Transaction To,Transaction From,Amount
0x41292153e7f5e78c3b7382d59e742b92461cbc70,0xf752936fdbf956594421dd93eb766fa7f280e567,10538857736187138
0x7a250d5630b4cf539739df2c5dacb4c659f2488d,0x8f8097a2af8ecb317f05ff284069afaa87763952,0
0x3fc91a3afd70395cd496c647d5a6cc9d4b2b7fad,0x6482ef50f30e20aea34d8ae68bcc6f21baf63119,32738908454434132
0x6b75d8af000000e20b7a7ddf000ba900b4009a80,0xae2fc483527b8ef99eb5d9b44875f005ba1fae13,86745862
0x7a250d5630b4cf539739df2c5dacb4c659f2488d,0x1cd03e41e3181b81a28e7bb549e6585328a82097,200000000000000000
0x6b75d8af000000e20b7a7ddf000ba900b4009a80,0xae2fc483527b8ef99eb5d9b44875f005ba1fae13,88843975
0x8f4712c83c1ad8d7fb54d5bc0e806ff91af2ce4d,0x42e703893cc5f451112fc8adc56c807dcd11ca0e,17647943807394280
0x2a3dd3eb832af982ec71669e178424b10dca2ede,0x1f292b7be6816a94a62de46d2d524eb083eaaa4d,29892000000000000
0x2a3dd3eb832af982ec71669e178424b10dca2ede,0xd84121db520c0ff1819f0e1096e2c3f341c9617b,29899000000000000
0x2a3dd3eb832af982ec71669e178424b10dca2ede,0xa2d51133b70258f839a170bad1df56f9b69a9ddd,29800000000000000
0x2a3dd3eb832af982ec71669e178424b10dca2ede,0x67d43339a4819655f532484597409f34d9f0391c,29887000000000000
0x2a3dd3eb832af982ec71669e178424b10dca2ede,0xbeaa096f79a91fcc712301801d3090afa0d486d1,29882000000000000
0x2a3dd3eb832af982ec71669e178424b10dca2ede,0x566934d4c821c5c189b57505c00b04fa3bbb72bb,29880000000000000
0x2a3dd3eb832af982ec71669e178424b10dca2ede,0x777b585204c8d63a838fd929e7be5d0c5b5655f2,29898000000000000
0x2a3dd3eb832af982ec71669e178424b10dca2ede,0x617755bfb83b3eced26fa2ae1be419ffd99efad9,29895000000000000
0x2a3dd3eb832af982ec71669e178424b10dca2ede,0x85c6b1d673bb96b6ab440a9f3b0900144116b5e6,29845000000000000
0x5e816f18a7cce4b1929992f45438b7769caf5436,0xcad621da75a66c7a8f4ff86d30a2bf981bfc8fdd,114418000000000000
0x1d2e7a7c0d62bf690df92a4cf6f4a696aec89881,0x264bd8291fae1d75db2c5f573b07faa6715997b5,107141210000000000
0x0d59feba974cc631119cb340b34b34a84c5bc0b4,0xd74b16a3a024b082fa4999f7f54cfdfdf9b8a38f,0
0xdac17f958d2ee523a2206206994597c13d831ec7,0x0b5c4a7fcda49e0a8661419bb55b86161a86db2a,0
0x29469395eaf6f95920e59f858042f0e28d98a20b,0x2129c19e9fa31d76aac3e7c865290e88aa7c2f95,0
0xb239b44b4ad338cd08c27db06a7478070b2d6b46,0xb287eac48ab21c5fb1d3723830d60b4c797555b0,47600000000000000
0x92e929d8b2c8430bcaf4cd87654789578bb2b786,0xf725304d19bba30f0f975827c234b77327b1667b,0
0xc6ee600801883d31a6b1929f8570ec84c8557d2f,0x7edd73c610791dc2fa6b9a1258f4cb6b4aaeabde,717140183158247000
0x4e5b2e1dc63f6b91cb6cd759936495434c7e972f,0xeb9c8f2e459f41da020f3fd4404b1fea9bb1921c,2790747000000000
0x7420b4b9a0110cdc71fb720908340c03f9bc03ec,0x7ccef9ed17824214d60403171d889bd4ce878b27,0
0xabfd7ef7a09623ffccb80950d83788372dc65e61,0x0005f82d812aa31da5185565a8d691ab15142678,1212265222960000
0x4a137fd5e7a256ef08a7de531a17d0be0cc7b6b6,0x00dee1f836998bcc736022f314df906588d44808,241433988408353
0x7d59969a567abc3795e49e405f4fdc0f99d333f0,0xac4f1d4b55ac2d3198ede401d34877e11384e6a2,51267000000000000
0x7b12dbff7e5e7d79182162790ca24b20a8263d2f,0x5aebf89e28126dec31e0985d8b9db76084ab8a3f,210000000000000000
0x499d1b178b4643c12e3cf99d5b0244e9a754ee2d,0xd64137f743432392538a8f84e8e571fa09f21c37,0
0x1a8f43e01b78979eb4ef7febec60f32c9a72f58e,0x7aa3d9d6f3d21e007ca93f4d6231874a9cdfa73e,200000000000000000
0xcac0f1a06d3f02397cfb6d7077321d73b504916e,0xb7d928a0a2cd676e2ef53e558ff815d35ec8c940,10000000000000000
0xa91a0abb64d4ffde972539bff0e262a2a8883551,0x0005f82d812aa31da5185565a8d691ab15142678,1151651961812000
0xef0b56692f78a44cf4034b07f80204757c31bcc9,0xe3d3d0ed702504e19825f44bc6542ff2ec45cb9a,0
0x1e8f97b87faf3fa7d1c25246fa5e57356a356b01,0xf9a35dea8cdbbfe462a9fbc116708d7e780cddc5,0
0x028aec48c0ca2f80bf52bebf075d52a1ca5fbc31,0x97972fa6d980aa9b93d1b584541055840302de05,25000000000000000
0xdac17f958d2ee523a2206206994597c13d831ec7,0x61130584714b1a2e1e3bca6e91a184cde9d92d26,0
0xec421447f54ce96a11044b92c0e3057a2f8bf029,0x4090af29cc66924314c2073b8e3dec0cdb3cb7ce,44000000000000000
0xa23a9e6002cebb284e1797be6e0cad201d13c2f2,0x8f37b12a6860e29a3ef3f8bbaff16c32a43a379a,0
0xdac17f958d2ee523a2206206994597c13d831ec7,0x8dbbf58f749f16b698bee7c00b1437a10bead5c2,0
0x03f34be1bf910116595db1b11e9d1b2ca5d59659,0xe8701b48d649808b2d91cb1f71555e9d423cc399,0
0x1111111254eeb25477b68fb85ed929f73a960582,0x0ec54bcd5a2ed483d7483249fac9b58af6ce9c61,0
0x00000000000000adc04c56bf30ac9d3c0aaf14dc,0x5972cbaad72f302075a2ba89bb9e4ece0c83559f,0
0xdac17f958d2ee523a2206206994597c13d831ec7,0xb437f7dce2b1df3ef2925d01f1f687d6f01d2b62,0
0xdac17f958d2ee523a2206206994597c13d831ec7,0xa5566797515deea66583e4c1e72e919f109ab485,0
0xdac17f958d2ee523a2206206994597c13d831ec7,0x2efa10568c99d591f8a19229b68cd58dbd822ffa,0
0xb3ddb666d7fda4d7b0a18a74dfa0d83bef5333cb,0x3bfe4a6635327e5e06a3817fe6c44065e292bb8a,21201582608051574604
0xf52605c7b778563a5a9144ef4dc53b57463ca2c7,0x65e6099437efcae2f8705981e7e54f49ed534c1a,13418890000000000
0x73e294376d21bd3260a9f2b3da6f8b81193c844f,0xb8e24988d9ac298025986f4295a788a5097f96d0,5218950000000000
0x807a2a91e1e6a1403c72b8a357d485d4584aa00e,0x3b0fcfe93d64f56a7bf528f0b65cc1d082ddfa59,311828776250000000
0xabea9132b05a70803a4e85094fd0e1800777fbef,0x01c3a1a6890a146ac187a019f9863b3ab2bff91e,0
0x1111111254eeb25477b68fb85ed929f73a960582,0xef38aa663d11b1df138f36531314ce860900f8e7,0
0xabea9132b05a70803a4e85094fd0e1800777fbef,0x01c3a1a6890a146ac187a019f9863b3ab2bff91e,0
0x3973bc3391cc77c30d3303a023c1b58fcbb9e7e2,0xe1dc7390423c9c876558f4c66bafec0933bc3bce,2556900000000000000
0xf7680e383c3185c8598344b403b4fd93b1c2d242,0x6048be1cb6328b7cf3c4de14c4cb56bb67428aa3,710000000000000000
0x3fc91a3afd70395cd496c647d5a6cc9d4b2b7fad,0x994b816c3009f76ec557f97455fe222fde974af7,30000000000000000
0x3fc91a3afd70395cd496c647d5a6cc9d4b2b7fad,0xf604af608080af90117b20ca327dd94409e3291f,0
0x00000000000000adc04c56bf30ac9d3c0aaf14dc,0xfabeba797c80f901e4f00d547fee6d645141c94f,63000000000000000
0xae0ee0a63a2ce6baeeffe56e7714fb4efe48d419,0x20b121604434ca4585e8b1cbcf59e8e6a898d03b,26353297931345424
0x29469395eaf6f95920e59f858042f0e28d98a20b,0x6f1a4be1ddbdffa8025c3536b027af0f66569b94,0
0x3fc91a3afd70395cd496c647d5a6cc9d4b2b7fad,0x8b0733665f10bca65a6723bfd9f95570eafb9176,779319594943088671
0x3fc91a3afd70395cd496c647d5a6cc9d4b2b7fad,0x3a0e580c1a711b7da411b1d4ed2f865a14008df8,0
0xabea9132b05a70803a4e85094fd0e1800777fbef,0x01c3a1a6890a146ac187a019f9863b3ab2bff91e,0
0x3fc91a3afd70395cd496c647d5a6cc9d4b2b7fad,0x0d4c6170affcf0f3d0c2ea023a2525e895e7be7d,19000000000000000
0x7bc8b1b5aba4df3be9f9a32dae501214dc0e4f3f,0xcc344de89bb3cb8f6c6134ddb338847ce58f64ca,0
0x41cbb6cdf5ed49a8481352ec2b1f96df33fea941,0x1b8280728ac9e01f814197a49d3a6cfddad7f83f,0
0x3819f64f282bf135d62168c1e513280daf905e06,0x9dedd6d191e151161226325db2cac6ffac6c4d04,0
0x31429d1856ad1377a8a0079410b297e1a9e214c2,0x8fb51594a9ad60d52c69ec3f01e6514714782e14,0
0xa57d319b3cf3ad0e4d19770f71e63cf847263a0b,0x6fe48e5358fcb0ad67aadce853a7621b67138840,0
0xdac17f958d2ee523a2206206994597c13d831ec7,0x98038e5c1eb94e3c9e6875594a7890ebda19c2c0,0
0x231b0ee14048e9dccd1d247744d114a4eb5e8e63,0xef9d26b00eb4d3e7916b32334c72af17394af79b,0
0xd374410e9bb22f3771ffbd0b40a07c0cf44a04fc,0x8333150e6462716f7307760a6c46b258f144004f,0
0xc02aaa39b223fe8d0a0e5c4f27ead9083c756cc2,0xdc2a00e750a4cf8336e28b6f96e720737c5f1560,260000000000000000
0x9e485da036218eac2e1a245b487b144a77bf11b1,0x5cc0d381e7305d2dac8855f92c8dd6360d30ba5d,18000000000000000
0x6bfad42cfc4efc96f529d786d643ff4a8b89fa52,0xcf67cbe0fc7dd02c1f2e8a4978222e31581d7d91,1000000000000000
0xdac17f958d2ee523a2206206994597c13d831ec7,0xbb8e3010cc30eb6c855eeb4f4c9e939f140d4f8a,0
0x5e4a0f1d8e58aa40104ead877ddd48f77150db44,0x5e4a0f1d8e58aa40104ead877ddd48f77150db44,0
0x900cd87bad906ee5a68e19c3da6cfb57d0cb0d57,0x2d4301f96f59928a91154a4cc6fd4e86d4f487a3,1000000000000000000
0x0adcd1b254325d9cc64b47669faba820485e8665,0x0bf5018aba3f27c615d627b7b8f9a4a48599298d,820000000000000000
0x8fe8a5b3e59005d94be05b6ec0cbd885e9da1e19,0xd8c6c29a2eded87bbb5fd8964b62b2cb303b6870,1000000000000000000
0xe78c9b85d477adc9afa9e4d48d95c52045818117,0xacc556e709a60ebb45c9fa54ed4079f1f517b5cb,45038720000000000
0xcddcb2b95907152373710523627eb57f80f304bf,0xcddcb2b95907152373710523627eb57f80f304bf,0
0x427f6b02bec713b9fbb1dac026228fe5cf843173,0x3002c27f1c82c80ae6512bc21198fe38d361b752,3770000000000000
0x710e7cb1ef865312e93a81b51a5765520598bdb9,0xe19825e5e4804ce447cc695971b92603137c614f,200000000000000000
0x95463cf4ea149cab3c0772a9ac8590a356657d2a,0x6dcb1b76b96bbb989b0ab6654ad4aa9e12539c6f,3255542015076349
0x1dcc07672865991f304887111bd49b4c42ca03ce,0x4632d47eb836cbfe9c885819ae986fc0607a0b19,25629254513093321
0xcb8df03702e9b4893578d4f53e0622587379f06e,0xbfded74a8882f77edf51464e72aade125a213c5a,40000000000000000
0xabea9132b05a70803a4e85094fd0e1800777fbef,0xca54e1f604b6902ce37c5b2669b23c8bd2e13388,11000000000000000
0x6e696bcc37c7657845bb8d704d5ffd8f909bcdbb,0x6e696bcc37c7657845bb8d704d5ffd8f909bcdbb,15000000000000000
0xc02aaa39b223fe8d0a0e5c4f27ead9083c756cc2,0xb69bae17fc5adbf5cd52948797172bdb1fd8a48a,0
0x29469395eaf6f95920e59f858042f0e28d98a20b,0x6f1a4be1ddbdffa8025c3536b027af0f66569b94,0
0xff00000000000000000000000000000000008453,0x5050f69a9786f081509234f1a7f4684b5e5b76c9,0
0xdac17f958d2ee523a2206206994597c13d831ec7,0x23f4569002a5a07f0ecf688142eeb6bcd883eef8,0
0xabea9132b05a70803a4e85094fd0e1800777fbef,0x01c3a1a6890a146ac187a019f9863b3ab2bff91e,0
0x5e4a0f1d8e58aa40104ead877ddd48f77150db44,0x5e4a0f1d8e58aa40104ead877ddd48f77150db44,0
0x306e00493141835f60ae72a7eb16848e09b32ace,0xd8c6c29a2eded87bbb5fd8964b62b2cb303b6870,1000000000000000000
0xdac17f958d2ee523a2206206994597c13d831ec7,0xc4bd5853b75169aa9cbc32015a245f2a2b542de7,0
0xabea9132b05a70803a4e85094fd0e1800777fbef,0x01c3a1a6890a146ac187a019f9863b3ab2bff91e,0
0x5e4a0f1d8e58aa40104ead877ddd48f77150db44,0x5e4a0f1d8e58aa40104ead877ddd48f77150db44,0
0xabea9132b05a70803a4e85094fd0e1800777fbef,0x01c3a1a6890a146ac187a019f9863b3ab2bff91e,0
0xce8a9a40bd846dc8f27dda35dc8630f461fa0b1a,0xdafea492d9c6733ae3d56b7ed1adb60692c98bc5,22976152722913530
